Timestamp,UTC,Callsign,Position,Altitude,Speed,Direction
1779643965,2026-05-24T17:32:45Z,THY9WR,"49.014278,2.5458",0,0,272
1779644779,2026-05-24T17:46:19Z,THY9WR,"49.014305,2.546136",0,2,275
1779644804,2026-05-24T17:46:44Z,THY9WR,"49.014301,2.546575",0,0,289
1779644852,2026-05-24T17:47:32Z,THY9WR,"49.01405,2.547419",0,2,357
1779645105,2026-05-24T17:51:45Z,THY9WR,"49.01556,2.547238",0,0,345
1779645241,2026-05-24T17:54:01Z,THY9WR,"49.017986,2.54337",0,0,289
1779645273,2026-05-24T17:54:33Z,THY9WR,"49.018066,2.540835",0,0,264
1779645288,2026-05-24T17:54:48Z,THY9WR,"49.017994,2.539613",0,12,264
1779645296,2026-05-24T17:54:56Z,THY9WR,"49.017948,2.538836",0,13,264
1779645365,2026-05-24T17:56:05Z,THY9WR,"49.017689,2.533986",0,10,264
1779645372,2026-05-24T17:56:12Z,THY9WR,"49.017654,2.533216",0,10,264
1779645379,2026-05-24T17:56:19Z,THY9WR,"49.017632,2.532789",0,9,264
1779645465,2026-05-24T17:57:45Z,THY9WR,"49.017609,2.532472",0,0,264
1779645473,2026-05-24T17:57:53Z,THY9WR,"49.017597,2.532168",0,5,264
1779645484,2026-05-24T17:58:04Z,THY9WR,"49.017574,2.531662",0,7,264
1779645491,2026-05-24T17:58:11Z,THY9WR,"49.017551,2.531345",0,8,264
1779645499,2026-05-24T17:58:19Z,THY9WR,"49.017517,2.530711",0,11,264
1779645508,2026-05-24T17:58:28Z,THY9WR,"49.017471,2.529909",0,12,264
1779645558,2026-05-24T17:59:18Z,THY9WR,"49.017231,2.525429",0,16,264
1779645595,2026-05-24T17:59:55Z,THY9WR,"49.017075,2.52185",0,0,270
1779645611,2026-05-24T18:00:11Z,THY9WR,"49.017494,2.52138",0,0,331
1779645636,2026-05-24T18:00:36Z,THY9WR,"49.018341,2.521309",0,7,354
1779645643,2026-05-24T18:00:43Z,THY9WR,"49.01857,2.521274",0,8,354
1779645660,2026-05-24T18:01:00Z,THY9WR,"49.019073,2.521221",0,0,354
1779645689,2026-05-24T18:01:29Z,THY9WR,"49.019543,2.521163",0,0,354
1779645703,2026-05-24T18:01:43Z,THY9WR,"49.019749,2.521133",0,4,354
1779645718,2026-05-24T18:01:58Z,THY9WR,"49.020088,2.521091",0,0,354
1779645736,2026-05-24T18:02:16Z,THY9WR,"49.020607,2.521045",0,0,357
1779645749,2026-05-24T18:02:29Z,THY9WR,"49.020985,2.521055",0,6,2
1779645759,2026-05-24T18:02:39Z,THY9WR,"49.021133,2.521415",0,6,45
1779645780,2026-05-24T18:03:00Z,THY9WR,"49.021088,2.52182",0,1,84
1779645847,2026-05-24T18:04:07Z,THY9WR,"49.021099,2.522049",0,0,84
1779645872,2026-05-24T18:04:32Z,THY9WR,"49.021694,2.533288",0,92,85
1779645896,2026-05-24T18:04:56Z,THY9WR,"49.022858,2.555695",25,166,85
1779645902,2026-05-24T18:05:02Z,THY9WR,"49.023186,2.563501",300,161,86
1779645910,2026-05-24T18:05:10Z,THY9WR,"49.023605,2.572068",675,152,85
1779645918,2026-05-24T18:05:18Z,THY9WR,"49.024067,2.581209",975,151,85
1779645927,2026-05-24T18:05:27Z,THY9WR,"49.024475,2.589604",1225,152,85
1779645933,2026-05-24T18:05:33Z,THY9WR,"49.024815,2.596821",1450,152,85
1779645941,2026-05-24T18:05:41Z,THY9WR,"49.025326,2.605639",1725,152,85
1779645949,2026-05-24T18:05:49Z,THY9WR,"49.025848,2.614676",1950,153,84
1779645956,2026-05-24T18:05:56Z,THY9WR,"49.02626,2.621577",2150,154,84
1779645964,2026-05-24T18:06:04Z,THY9WR,"49.026814,2.630647",2375,156,84
1779645972,2026-05-24T18:06:12Z,THY9WR,"49.027313,2.639677",2575,157,84
1779645981,2026-05-24T18:06:21Z,THY9WR,"49.027863,2.648762",2825,157,84
1779645987,2026-05-24T18:06:27Z,THY9WR,"49.028305,2.655656",3025,156,84
1779645995,2026-05-24T18:06:35Z,THY9WR,"49.028862,2.665052",3250,157,84
1779646002,2026-05-24T18:06:42Z,THY9WR,"49.029236,2.671931",3350,161,84
1779646010,2026-05-24T18:06:50Z,THY9WR,"49.029831,2.682213",3450,172,85
1779646019,2026-05-24T18:06:59Z,THY9WR,"49.030354,2.692373",3550,181,85
1779646025,2026-05-24T18:07:05Z,THY9WR,"49.030838,2.700947",3625,189,85
1779646033,2026-05-24T18:07:13Z,THY9WR,"49.031425,2.712539",3700,201,85
1779646040,2026-05-24T18:07:20Z,THY9WR,"49.031937,2.722637",3800,210,85
1779646049,2026-05-24T18:07:29Z,THY9WR,"49.032589,2.73574",3975,221,85
1779646055,2026-05-24T18:07:35Z,THY9WR,"49.033035,2.745385",4175,226,85
1779646063,2026-05-24T18:07:43Z,THY9WR,"49.033676,2.759399",4500,230,86
1779646072,2026-05-24T18:07:52Z,THY9WR,"49.034317,2.77278",4850,232,86
1779646080,2026-05-24T18:08:00Z,THY9WR,"49.034912,2.786161",5200,234,85
1779646093,2026-05-24T18:08:13Z,THY9WR,"49.036011,2.808345",5500,250,85
1779646108,2026-05-24T18:08:28Z,THY9WR,"49.037292,2.835318",5800,267,85
1779646121,2026-05-24T18:08:41Z,THY9WR,"49.038498,2.860348",6300,273,85
1779646135,2026-05-24T18:08:55Z,THY9WR,"49.03981,2.889052",7025,274,86
1779646148,2026-05-24T18:09:08Z,THY9WR,"49.040966,2.91275",7600,275,85
1779646161,2026-05-24T18:09:21Z,THY9WR,"49.042236,2.937857",8175,278,85
1779646175,2026-05-24T18:09:35Z,THY9WR,"49.044273,2.966092",8775,282,83
1779646188,2026-05-24T18:09:48Z,THY9WR,"49.0466,2.991028",9375,284,81
1779646202,2026-05-24T18:10:02Z,THY9WR,"49.049423,3.018987",10000,287,81
1779646215,2026-05-24T18:10:15Z,THY9WR,"49.052032,3.044692",10525,291,81
1779646229,2026-05-24T18:10:29Z,THY9WR,"49.054977,3.07581",10775,308,81
1779646244,2026-05-24T18:10:44Z,THY9WR,"49.057983,3.107582",11000,325,81
1779646256,2026-05-24T18:10:56Z,THY9WR,"49.060822,3.136949",11200,340,81
1779646269,2026-05-24T18:11:09Z,THY9WR,"49.065399,3.167443",11475,350,75
1779646284,2026-05-24T18:11:24Z,THY9WR,"49.071716,3.201669",11950,357,74
1779646296,2026-05-24T18:11:36Z,THY9WR,"49.077465,3.23251",12500,360,74
1779646328,2026-05-24T18:12:08Z,THY9WR,"49.091675,3.310054",13700,367,74
1779646359,2026-05-24T18:12:39Z,THY9WR,"49.10614,3.389138",14775,377,74
1779646390,2026-05-24T18:13:10Z,THY9WR,"49.120972,3.470694",15900,385,74
1779646421,2026-05-24T18:13:41Z,THY9WR,"49.135483,3.551894",17100,387,75
1779646453,2026-05-24T18:14:13Z,THY9WR,"49.150459,3.636981",18250,391,74
1779646485,2026-05-24T18:14:45Z,THY9WR,"49.166061,3.721267",19425,392,74
1779646517,2026-05-24T18:15:17Z,THY9WR,"49.181274,3.806185",20425,397,74
1779646548,2026-05-24T18:15:48Z,THY9WR,"49.196545,3.891329",21425,400,74
1779646579,2026-05-24T18:16:19Z,THY9WR,"49.212093,3.976545",22425,402,74
1779646610,2026-05-24T18:16:50Z,THY9WR,"49.227734,4.0614",23300,407,74
1779646642,2026-05-24T18:17:22Z,THY9WR,"49.24324,4.150226",24025,414,75
1779646673,2026-05-24T18:17:53Z,THY9WR,"49.258739,4.239928",24750,420,75
1779646705,2026-05-24T18:18:25Z,THY9WR,"49.274704,4.3323",25450,425,75
1779646737,2026-05-24T18:18:57Z,THY9WR,"49.290527,4.424603",26150,430,75
1779646769,2026-05-24T18:19:29Z,THY9WR,"49.306686,4.518902",26650,439,75
1779646800,2026-05-24T18:20:00Z,THY9WR,"49.323074,4.615053",27250,444,75
1779646831,2026-05-24T18:20:31Z,THY9WR,"49.338993,4.709087",27900,448,75
1779646862,2026-05-24T18:21:02Z,THY9WR,"49.355194,4.805507",28525,449,75
1779646894,2026-05-24T18:21:34Z,THY9WR,"49.371628,4.903444",29125,452,75
1779646915,2026-05-24T18:21:55Z,THY9WR,"49.378517,4.969651",29525,453,85
1779646917,2026-05-24T18:21:57Z,THY9WR,"49.37875,4.977313",29575,452,87
1779646920,2026-05-24T18:22:00Z,THY9WR,"49.378841,4.984035",29625,453,88
1779646922,2026-05-24T18:22:02Z,THY9WR,"49.378841,4.990395",29650,453,89
1779646924,2026-05-24T18:22:04Z,THY9WR,"49.378784,4.996808",29700,453,90
1779646926,2026-05-24T18:22:06Z,THY9WR,"49.378704,5.004489",29725,453,91
1779646928,2026-05-24T18:22:08Z,THY9WR,"49.378563,5.010922",29775,453,91
1779646930,2026-05-24T18:22:10Z,THY9WR,"49.378426,5.017644",29800,453,91
1779646932,2026-05-24T18:22:12Z,THY9WR,"49.378284,5.023715",29850,453,91
1779646934,2026-05-24T18:22:14Z,THY9WR,"49.378098,5.031449",29875,454,92
1779646936,2026-05-24T18:22:16Z,THY9WR,"49.37796,5.037865",29925,453,92
1779646939,2026-05-24T18:22:19Z,THY9WR,"49.377773,5.045182",29950,453,92
1779646970,2026-05-24T18:22:50Z,THY9WR,"49.375027,5.14695",30450,458,92
1779647001,2026-05-24T18:23:21Z,THY9WR,"49.372139,5.247128",30900,460,92
1779647032,2026-05-24T18:23:52Z,THY9WR,"49.36916,5.347957",31425,462,92
1779647063,2026-05-24T18:24:23Z,THY9WR,"49.363449,5.448374",32000,457,96
1779647095,2026-05-24T18:24:55Z,THY9WR,"49.356869,5.548385",32525,454,95
1779647125,2026-05-24T18:25:25Z,THY9WR,"49.350353,5.647406",33025,451,95
1779647157,2026-05-24T18:25:57Z,THY9WR,"49.343697,5.7465",33800,447,95
1779647188,2026-05-24T18:26:28Z,THY9WR,"49.337082,5.843882",34350,447,96
1779647219,2026-05-24T18:26:59Z,THY9WR,"49.330338,5.941869",34875,448,96
1779647250,2026-05-24T18:27:30Z,THY9WR,"49.323494,6.04024",35000,450,96
1779647282,2026-05-24T18:28:02Z,THY9WR,"49.316463,6.139623",35100,448,96
1779647313,2026-05-24T18:28:33Z,THY9WR,"49.309479,6.236924",35700,450,96
1779647345,2026-05-24T18:29:05Z,THY9WR,"49.3022,6.338266",36500,446,96
1779647376,2026-05-24T18:29:36Z,THY9WR,"49.294968,6.437002",37200,444,96
1779647408,2026-05-24T18:30:08Z,THY9WR,"49.286625,6.534408",37875,442,99
1779647439,2026-05-24T18:30:39Z,THY9WR,"49.272583,6.629756",38400,442,103
1779647471,2026-05-24T18:31:11Z,THY9WR,"49.25798,6.726239",38925,440,103
1779647502,2026-05-24T18:31:42Z,THY9WR,"49.243282,6.822365",39000,444,103
1779647534,2026-05-24T18:32:14Z,THY9WR,"49.228527,6.918423",39000,441,103
1779647566,2026-05-24T18:32:46Z,THY9WR,"49.21376,7.013573",39000,439,103
1779647597,2026-05-24T18:33:17Z,THY9WR,"49.1992,7.106925",39000,440,103
1779647628,2026-05-24T18:33:48Z,THY9WR,"49.184349,7.201683",39000,440,103
1779647660,2026-05-24T18:34:20Z,THY9WR,"49.169449,7.296401",39000,440,103
1779647691,2026-05-24T18:34:51Z,THY9WR,"49.1548,7.388939",39000,439,103
1779647722,2026-05-24T18:35:22Z,THY9WR,"49.139465,7.484929",39000,438,103
1779647753,2026-05-24T18:35:53Z,THY9WR,"49.124542,7.57796",39000,438,103
1779647785,2026-05-24T18:36:25Z,THY9WR,"49.109482,7.671204",39000,437,103
1779647816,2026-05-24T18:36:56Z,THY9WR,"49.094147,7.766067",39000,438,103
1779647848,2026-05-24T18:37:28Z,THY9WR,"49.078815,7.860067",39000,439,104
1779647880,2026-05-24T18:38:00Z,THY9WR,"49.063065,7.956144",39000,439,104
1779647911,2026-05-24T18:38:31Z,THY9WR,"49.047684,8.049316",39000,440,104
1779647943,2026-05-24T18:39:03Z,THY9WR,"49.031796,8.144844",39000,440,104
1779647975,2026-05-24T18:39:35Z,THY9WR,"49.015827,8.24083",39000,440,104
1779648006,2026-05-24T18:40:06Z,THY9WR,"49.000076,8.334749",39000,439,104
1779648038,2026-05-24T18:40:38Z,THY9WR,"48.984451,8.427309",39000,438,104
1779648069,2026-05-24T18:41:09Z,THY9WR,"48.968491,8.521587",39000,438,104
1779648100,2026-05-24T18:41:40Z,THY9WR,"48.952843,8.613281",39000,439,104
1779648132,2026-05-24T18:42:12Z,THY9WR,"48.936642,8.707604",39000,438,104
1779648163,2026-05-24T18:42:43Z,THY9WR,"48.920425,8.801809",39000,438,104
1779648194,2026-05-24T18:43:14Z,THY9WR,"48.904568,8.89336",39000,438,104
1779648225,2026-05-24T18:43:45Z,THY9WR,"48.888321,8.986889",39000,438,104
1779648257,2026-05-24T18:44:17Z,THY9WR,"48.872215,9.079188",39000,438,104
1779648288,2026-05-24T18:44:48Z,THY9WR,"48.855644,9.173006",39000,437,104
1779648319,2026-05-24T18:45:19Z,THY9WR,"48.839581,9.263787",39000,438,105
1779648350,2026-05-24T18:45:50Z,THY9WR,"48.823563,9.354084",39000,437,105
1779648381,2026-05-24T18:46:21Z,THY9WR,"48.807137,9.445785",39000,437,105
1779648412,2026-05-24T18:46:52Z,THY9WR,"48.790695,9.537189",39000,438,105
1779648443,2026-05-24T18:47:23Z,THY9WR,"48.774082,9.629517",39000,438,105
1779648474,2026-05-24T18:47:54Z,THY9WR,"48.757511,9.720732",39000,438,105
1779648505,2026-05-24T18:48:25Z,THY9WR,"48.740425,9.814404",39000,440,105
1779648537,2026-05-24T18:48:57Z,THY9WR,"48.720966,9.904753",39000,442,110
1779648568,2026-05-24T18:49:28Z,THY9WR,"48.693192,9.993333",39000,447,118
1779648599,2026-05-24T18:49:59Z,THY9WR,"48.660637,10.077787",39000,447,120
1779648631,2026-05-24T18:50:31Z,THY9WR,"48.62796,10.162635",39000,446,120
1779648662,2026-05-24T18:51:02Z,THY9WR,"48.595417,10.246847",39000,448,120
1779648694,2026-05-24T18:51:34Z,THY9WR,"48.562595,10.331341",39000,448,120
1779648725,2026-05-24T18:52:05Z,THY9WR,"48.529129,10.417222",39000,450,120
1779648757,2026-05-24T18:52:37Z,THY9WR,"48.49649,10.50069",39000,449,120
1779648788,2026-05-24T18:53:08Z,THY9WR,"48.462982,10.585961",39000,448,120
1779648820,2026-05-24T18:53:40Z,THY9WR,"48.429565,10.670894",39000,446,120
1779648851,2026-05-24T18:54:11Z,THY9WR,"48.396881,10.753714",39000,445,120
1779648883,2026-05-24T18:54:43Z,THY9WR,"48.362915,10.839421",39000,444,120
1779648914,2026-05-24T18:55:14Z,THY9WR,"48.330349,10.92135",39000,444,120
1779648946,2026-05-24T18:55:46Z,THY9WR,"48.296829,11.005409",39000,442,120
1779648978,2026-05-24T18:56:18Z,THY9WR,"48.264313,11.086824",39000,441,120
1779649009,2026-05-24T18:56:49Z,THY9WR,"48.230865,11.170349",39000,440,120
1779649041,2026-05-24T18:57:21Z,THY9WR,"48.197617,11.252888",39000,439,121
1779649072,2026-05-24T18:57:52Z,THY9WR,"48.164932,11.333806",39000,439,121
1779649103,2026-05-24T18:58:23Z,THY9WR,"48.132874,11.413034",39000,438,121
1779649135,2026-05-24T18:58:55Z,THY9WR,"48.098888,11.496911",39000,438,121
1779649167,2026-05-24T18:59:27Z,THY9WR,"48.065872,11.577942",39000,440,121
1779649198,2026-05-24T18:59:58Z,THY9WR,"48.032368,11.660015",39000,440,121
1779649229,2026-05-24T19:00:29Z,THY9WR,"47.999733,11.739595",39000,439,121
1779649260,2026-05-24T19:01:00Z,THY9WR,"47.966629,11.820122",39000,438,121
1779649291,2026-05-24T19:01:31Z,THY9WR,"47.934048,11.899109",39000,437,121
1779649323,2026-05-24T19:02:03Z,THY9WR,"47.900299,11.980728",39000,437,121
1779649354,2026-05-24T19:02:34Z,THY9WR,"47.867477,12.06003",39000,438,121
1779649386,2026-05-24T19:03:06Z,THY9WR,"47.833633,12.141372",39000,438,121
1779649417,2026-05-24T19:03:37Z,THY9WR,"47.800232,12.222496",39000,436,119
1779649449,2026-05-24T19:04:09Z,THY9WR,"47.772766,12.304688",39000,432,114
1779649480,2026-05-24T19:04:40Z,THY9WR,"47.745605,12.390959",39000,433,115
1779649512,2026-05-24T19:05:12Z,THY9WR,"47.71944,12.473848",39000,434,115
1779649543,2026-05-24T19:05:43Z,THY9WR,"47.692348,12.559416",39000,434,115
1779649575,2026-05-24T19:06:15Z,THY9WR,"47.66544,12.644207",39000,433,115
1779649606,2026-05-24T19:06:46Z,THY9WR,"47.638504,12.728691",39000,432,115
1779649638,2026-05-24T19:07:18Z,THY9WR,"47.612091,12.811467",39000,432,115
1779649669,2026-05-24T19:07:49Z,THY9WR,"47.585266,12.895203",39000,432,115
1779649700,2026-05-24T19:08:20Z,THY9WR,"47.558323,12.979009",39000,432,115
1779649732,2026-05-24T19:08:52Z,THY9WR,"47.531204,13.063087",39000,432,115
1779649763,2026-05-24T19:09:23Z,THY9WR,"47.504333,13.146034",39000,432,115
1779649795,2026-05-24T19:09:55Z,THY9WR,"47.476997,13.230356",39000,433,115
1779649826,2026-05-24T19:10:26Z,THY9WR,"47.449718,13.314162",39000,433,115
1779649858,2026-05-24T19:10:58Z,THY9WR,"47.422207,13.398391",39000,432,115
1779649889,2026-05-24T19:11:29Z,THY9WR,"47.395344,13.480436",39000,434,115
1779649920,2026-05-24T19:12:00Z,THY9WR,"47.368206,13.563115",39000,434,115
1779649951,2026-05-24T19:12:31Z,THY9WR,"47.340786,13.646147",39000,433,115
1779649982,2026-05-24T19:13:02Z,THY9WR,"47.313904,13.72728",39000,432,115
1779650013,2026-05-24T19:13:33Z,THY9WR,"47.286896,13.808647",39000,432,115
1779650044,2026-05-24T19:14:04Z,THY9WR,"47.25975,13.890152",39000,428,116
1779650076,2026-05-24T19:14:36Z,THY9WR,"47.230637,13.973511",39000,430,119
1779650107,2026-05-24T19:15:07Z,THY9WR,"47.200562,14.053093",39000,430,119
1779650138,2026-05-24T19:15:38Z,THY9WR,"47.170498,14.133066",39000,431,118
1779650170,2026-05-24T19:16:10Z,THY9WR,"47.140659,14.212083",39000,432,119
1779650201,2026-05-24T19:16:41Z,THY9WR,"47.109695,14.294037",39000,431,118
1779650233,2026-05-24T19:17:13Z,THY9WR,"47.079582,14.373145",39000,432,119
1779650264,2026-05-24T19:17:44Z,THY9WR,"47.049316,14.452652",39000,434,119
1779650295,2026-05-24T19:18:15Z,THY9WR,"47.018555,14.533195",39000,436,119
1779650326,2026-05-24T19:18:46Z,THY9WR,"46.987549,14.613999",39000,439,119
1779650357,2026-05-24T19:19:17Z,THY9WR,"46.956917,14.69365",39000,437,119
1779650389,2026-05-24T19:19:49Z,THY9WR,"46.925858,14.774277",39000,436,119
1779650420,2026-05-24T19:20:20Z,THY9WR,"46.894867,14.85434",39000,436,119
1779650451,2026-05-24T19:20:51Z,THY9WR,"46.863739,14.934506",39000,436,119
1779650482,2026-05-24T19:21:22Z,THY9WR,"46.832993,15.013504",39000,440,119
1779650514,2026-05-24T19:21:54Z,THY9WR,"46.801292,15.094734",39000,442,119
1779650545,2026-05-24T19:22:25Z,THY9WR,"46.769348,15.176206",39000,441,119
1779650577,2026-05-24T19:22:57Z,THY9WR,"46.738121,15.255821",39000,440,119
1779650608,2026-05-24T19:23:28Z,THY9WR,"46.706184,15.336983",39000,440,119
1779650639,2026-05-24T19:23:59Z,THY9WR,"46.674809,15.41629",39000,439,119
1779650670,2026-05-24T19:24:30Z,THY9WR,"46.643417,15.495479",39000,440,119
1779650701,2026-05-24T19:25:01Z,THY9WR,"46.611649,15.575465",39000,440,120
1779650732,2026-05-24T19:25:32Z,THY9WR,"46.579983,15.655037",39000,443,120
1779650763,2026-05-24T19:26:03Z,THY9WR,"46.548294,15.734365",39000,446,120
1779650795,2026-05-24T19:26:35Z,THY9WR,"46.51593,15.815087",39000,445,120
1779650826,2026-05-24T19:27:06Z,THY9WR,"46.483566,15.895542",39000,446,120
1779650857,2026-05-24T19:27:37Z,THY9WR,"46.450745,15.976868",39000,445,120
1779650889,2026-05-24T19:28:09Z,THY9WR,"46.418259,16.057274",39000,446,120
1779650920,2026-05-24T19:28:40Z,THY9WR,"46.385349,16.138573",39000,446,120
1779650951,2026-05-24T19:29:11Z,THY9WR,"46.352993,16.218086",39000,446,120
1779650982,2026-05-24T19:29:42Z,THY9WR,"46.320499,16.297806",39000,446,120
1779651013,2026-05-24T19:30:13Z,THY9WR,"46.28833,16.376461",39000,446,120
1779651044,2026-05-24T19:30:44Z,THY9WR,"46.255421,16.456696",39000,446,120
1779651076,2026-05-24T19:31:16Z,THY9WR,"46.222553,16.536552",39000,445,120
1779651108,2026-05-24T19:31:48Z,THY9WR,"46.189316,16.617088",39000,444,120
1779651139,2026-05-24T19:32:19Z,THY9WR,"46.156128,16.697208",39000,442,120
1779651170,2026-05-24T19:32:50Z,THY9WR,"46.123398,16.776056",39000,441,120
1779651201,2026-05-24T19:33:21Z,THY9WR,"46.090858,16.854126",39000,439,120
1779651233,2026-05-24T19:33:53Z,THY9WR,"46.057938,16.933014",39000,438,120
1779651264,2026-05-24T19:34:24Z,THY9WR,"46.026031,17.009247",39000,436,121
1779651295,2026-05-24T19:34:55Z,THY9WR,"45.992981,17.087961",39000,435,121
1779651327,2026-05-24T19:35:27Z,THY9WR,"45.960464,17.165382",39000,436,121
1779651358,2026-05-24T19:35:58Z,THY9WR,"45.928436,17.241234",39000,436,121
1779651389,2026-05-24T19:36:29Z,THY9WR,"45.895386,17.31941",39000,437,121
1779651421,2026-05-24T19:37:01Z,THY9WR,"45.862053,17.397881",39000,438,121
1779651452,2026-05-24T19:37:32Z,THY9WR,"45.829235,17.47506",39000,439,121
1779651483,2026-05-24T19:38:03Z,THY9WR,"45.796322,17.552307",39000,440,121
1779651514,2026-05-24T19:38:34Z,THY9WR,"45.763046,17.630043",39000,442,121
1779651546,2026-05-24T19:39:06Z,THY9WR,"45.729446,17.708286",39000,442,121
1779651577,2026-05-24T19:39:37Z,THY9WR,"45.695892,17.786196",39000,442,121
1779651609,2026-05-24T19:40:09Z,THY9WR,"45.662159,17.864525",39000,442,121
1779651640,2026-05-24T19:40:40Z,THY9WR,"45.628548,17.942116",39000,440,121
1779651672,2026-05-24T19:41:12Z,THY9WR,"45.594986,18.019432",39000,442,121
1779651704,2026-05-24T19:41:44Z,THY9WR,"45.56049,18.098671",39000,441,121
1779651736,2026-05-24T19:42:16Z,THY9WR,"45.525993,18.177616",39000,442,121
1779651767,2026-05-24T19:42:47Z,THY9WR,"45.491779,18.255995",39000,443,122
1779651799,2026-05-24T19:43:19Z,THY9WR,"45.457516,18.333971",39000,443,122
1779651831,2026-05-24T19:43:51Z,THY9WR,"45.422653,18.413218",39000,443,122
1779651863,2026-05-24T19:44:23Z,THY9WR,"45.388229,18.491232",39000,444,122
1779651894,2026-05-24T19:44:54Z,THY9WR,"45.353577,18.56938",39000,444,122
1779651925,2026-05-24T19:45:25Z,THY9WR,"45.319675,18.645943",39000,443,122
1779651958,2026-05-24T19:45:58Z,THY9WR,"45.284527,18.724924",39000,444,122
1779651989,2026-05-24T19:46:29Z,THY9WR,"45.249287,18.803837",39000,446,122
1779652021,2026-05-24T19:47:01Z,THY9WR,"45.21442,18.881813",39000,446,122
1779652053,2026-05-24T19:47:33Z,THY9WR,"45.179783,18.959053",39000,445,122
1779652084,2026-05-24T19:48:04Z,THY9WR,"45.141815,19.035252",39000,449,127
1779652116,2026-05-24T19:48:36Z,THY9WR,"45.101486,19.109867",39000,448,127
1779652148,2026-05-24T19:49:08Z,THY9WR,"45.061844,19.18298",39000,449,127
1779652180,2026-05-24T19:49:40Z,THY9WR,"45.021698,19.257006",39000,450,127
1779652212,2026-05-24T19:50:12Z,THY9WR,"44.981194,19.331316",39000,450,127
1779652244,2026-05-24T19:50:44Z,THY9WR,"44.940319,19.40601",39000,449,127
1779652276,2026-05-24T19:51:16Z,THY9WR,"44.899704,19.480198",39000,448,127
1779652308,2026-05-24T19:51:48Z,THY9WR,"44.859692,19.553185",39000,448,127
1779652339,2026-05-24T19:52:19Z,THY9WR,"44.819504,19.62616",39000,451,127
1779652371,2026-05-24T19:52:51Z,THY9WR,"44.778736,19.700094",39000,452,127
1779652403,2026-05-24T19:53:23Z,THY9WR,"44.738003,19.773582",39000,452,127
1779652435,2026-05-24T19:53:55Z,THY9WR,"44.696571,19.84841",39000,453,127
1779652466,2026-05-24T19:54:26Z,THY9WR,"44.656128,19.921156",39000,453,127
1779652499,2026-05-24T19:54:59Z,THY9WR,"44.614594,19.99572",39000,453,128
1779652531,2026-05-24T19:55:31Z,THY9WR,"44.573208,20.069744",39000,452,128
1779652562,2026-05-24T19:56:02Z,THY9WR,"44.532532,20.142385",39000,455,128
1779652595,2026-05-24T19:56:35Z,THY9WR,"44.490967,20.216413",39000,456,128
1779652625,2026-05-24T19:57:05Z,THY9WR,"44.451149,20.287127",39000,458,128
1779652657,2026-05-24T19:57:37Z,THY9WR,"44.408463,20.362757",39000,462,128
1779652690,2026-05-24T19:58:10Z,THY9WR,"44.365448,20.438725",39000,464,128
1779652721,2026-05-24T19:58:41Z,THY9WR,"44.323364,20.51268",39000,466,128
1779652753,2026-05-24T19:59:13Z,THY9WR,"44.281002,20.58724",39000,463,128
1779652785,2026-05-24T19:59:45Z,THY9WR,"44.238876,20.661032",39000,461,128
1779652817,2026-05-24T20:00:17Z,THY9WR,"44.196415,20.735287",39000,461,128
1779652849,2026-05-24T20:00:49Z,THY9WR,"44.154285,20.808956",39000,461,128
1779652881,2026-05-24T20:01:21Z,THY9WR,"44.111084,20.884029",39000,462,128
1779652912,2026-05-24T20:01:52Z,THY9WR,"44.069092,20.956932",39000,462,128
1779652944,2026-05-24T20:02:24Z,THY9WR,"44.026405,21.030775",39000,463,128
1779652976,2026-05-24T20:02:56Z,THY9WR,"43.983856,21.10429",39000,462,128
1779653007,2026-05-24T20:03:27Z,THY9WR,"43.942242,21.175821",39000,462,128
1779653039,2026-05-24T20:03:59Z,THY9WR,"43.899765,21.248837",39000,462,128
1779653071,2026-05-24T20:04:31Z,THY9WR,"43.857098,21.321913",39000,460,128
1779653103,2026-05-24T20:05:03Z,THY9WR,"43.814083,21.395416",39000,459,128
1779653135,2026-05-24T20:05:35Z,THY9WR,"43.770695,21.469442",39000,456,128
1779653167,2026-05-24T20:06:07Z,THY9WR,"43.729156,21.540102",39000,452,128
1779653199,2026-05-24T20:06:39Z,THY9WR,"43.686722,21.612087",39000,447,129
1779653231,2026-05-24T20:07:11Z,THY9WR,"43.645378,21.682108",39000,447,129
1779653263,2026-05-24T20:07:43Z,THY9WR,"43.604317,21.751425",39000,448,129
1779653294,2026-05-24T20:08:14Z,THY9WR,"43.562187,21.822378",39000,447,129
1779653326,2026-05-24T20:08:46Z,THY9WR,"43.521469,21.890898",39000,447,129
1779653358,2026-05-24T20:09:18Z,THY9WR,"43.47963,21.960968",39000,447,129
1779653389,2026-05-24T20:09:49Z,THY9WR,"43.437939,22.030596",39025,449,129
1779653421,2026-05-24T20:10:21Z,THY9WR,"43.396317,22.100021",39000,449,129
1779653453,2026-05-24T20:10:53Z,THY9WR,"43.354111,22.170282",39000,448,129
1779653485,2026-05-24T20:11:25Z,THY9WR,"43.31197,22.240187",39000,450,129
1779653517,2026-05-24T20:11:57Z,THY9WR,"43.269653,22.310225",39000,451,129
1779653548,2026-05-24T20:12:28Z,THY9WR,"43.228268,22.378693",39000,451,129
1779653580,2026-05-24T20:13:00Z,THY9WR,"43.185207,22.449646",39000,452,129
1779653612,2026-05-24T20:13:32Z,THY9WR,"43.142441,22.519993",39000,453,129
1779653644,2026-05-24T20:14:04Z,THY9WR,"43.099133,22.591095",39000,456,129
1779653675,2026-05-24T20:14:35Z,THY9WR,"43.056473,22.660898",39000,460,129
1779653706,2026-05-24T20:15:06Z,THY9WR,"43.015244,22.729929",39000,459,127
1779653739,2026-05-24T20:15:39Z,THY9WR,"42.977818,22.806898",39025,456,120
1779653770,2026-05-24T20:16:10Z,THY9WR,"42.946953,22.889164",39000,456,114
1779653802,2026-05-24T20:16:42Z,THY9WR,"42.921799,22.974136",39000,457,111
1779653833,2026-05-24T20:17:13Z,THY9WR,"42.897446,23.057556",39000,457,111
1779653865,2026-05-24T20:17:45Z,THY9WR,"42.873074,23.141066",39000,456,111
1779653897,2026-05-24T20:18:17Z,THY9WR,"42.848236,23.226055",39000,456,111
1779653929,2026-05-24T20:18:49Z,THY9WR,"42.822372,23.311966",39000,455,113
1779653960,2026-05-24T20:19:20Z,THY9WR,"42.796188,23.393763",39000,454,113
1779653992,2026-05-24T20:19:52Z,THY9WR,"42.77005,23.476347",39000,452,113
1779654024,2026-05-24T20:20:24Z,THY9WR,"42.743546,23.559994",39000,455,113
1779654056,2026-05-24T20:20:56Z,THY9WR,"42.717087,23.643389",39000,456,113
1779654088,2026-05-24T20:21:28Z,THY9WR,"42.690731,23.726126",39000,454,113
1779654119,2026-05-24T20:21:59Z,THY9WR,"42.663681,23.810759",39000,456,113
1779654152,2026-05-24T20:22:32Z,THY9WR,"42.637054,23.893858",39000,455,113
1779654184,2026-05-24T20:23:04Z,THY9WR,"42.610149,23.977278",39000,453,113
1779654215,2026-05-24T20:23:35Z,THY9WR,"42.583145,24.061182",39000,454,113
1779654247,2026-05-24T20:24:07Z,THY9WR,"42.556427,24.143925",39000,456,113
1779654279,2026-05-24T20:24:39Z,THY9WR,"42.529083,24.2281",39000,459,113
1779654311,2026-05-24T20:25:11Z,THY9WR,"42.501709,24.312057",39000,458,113
1779654343,2026-05-24T20:25:43Z,THY9WR,"42.474518,24.395578",39000,458,113
1779654375,2026-05-24T20:26:15Z,THY9WR,"42.447449,24.478241",39000,460,113
1779654406,2026-05-24T20:26:46Z,THY9WR,"42.420135,24.561373",39000,459,113
1779654438,2026-05-24T20:27:18Z,THY9WR,"42.392578,24.645081",39000,458,114
1779654470,2026-05-24T20:27:50Z,THY9WR,"42.365204,24.727791",39000,454,114
1779654502,2026-05-24T20:28:22Z,THY9WR,"42.338421,24.80847",38850,449,114
1779654534,2026-05-24T20:28:54Z,THY9WR,"42.311005,24.89106",38325,451,114
1779654565,2026-05-24T20:29:25Z,THY9WR,"42.284142,24.971733",37800,450,114
1779654597,2026-05-24T20:29:57Z,THY9WR,"42.257236,25.052086",37300,450,114
1779654629,2026-05-24T20:30:29Z,THY9WR,"42.230003,25.133398",36750,448,114
1779654661,2026-05-24T20:31:01Z,THY9WR,"42.202255,25.215668",36250,450,114
1779654693,2026-05-24T20:31:33Z,THY9WR,"42.174839,25.297043",35725,450,114
1779654725,2026-05-24T20:32:05Z,THY9WR,"42.1474,25.378168",35200,451,114
1779654756,2026-05-24T20:32:36Z,THY9WR,"42.119907,25.459026",34700,451,114
1779654788,2026-05-24T20:33:08Z,THY9WR,"42.092533,25.539444",34175,456,114
1779654820,2026-05-24T20:33:40Z,THY9WR,"42.064323,25.621841",33650,447,114
1779654852,2026-05-24T20:34:12Z,THY9WR,"42.037182,25.701365",33150,449,114
1779654884,2026-05-24T20:34:44Z,THY9WR,"42.009205,25.782867",32600,456,114
1779654915,2026-05-24T20:35:15Z,THY9WR,"41.980911,25.865063",32075,465,114
1779654947,2026-05-24T20:35:47Z,THY9WR,"41.952271,25.947855",31550,465,114
1779654979,2026-05-24T20:36:19Z,THY9WR,"41.923325,26.031231",31050,460,114
1779655011,2026-05-24T20:36:51Z,THY9WR,"41.894897,26.112942",30525,457,114
1779655043,2026-05-24T20:37:23Z,THY9WR,"41.86702,26.192966",30000,442,115
1779655074,2026-05-24T20:37:54Z,THY9WR,"41.839569,26.271503",29500,433,115
1779655106,2026-05-24T20:38:26Z,THY9WR,"41.813049,26.347462",28975,425,114
1779655138,2026-05-24T20:38:58Z,THY9WR,"41.790642,26.425568",28450,424,109
1779655170,2026-05-24T20:39:30Z,THY9WR,"41.769196,26.503706",27925,423,110
1779655202,2026-05-24T20:40:02Z,THY9WR,"41.743763,26.580271",27400,422,117
1779655235,2026-05-24T20:40:35Z,THY9WR,"41.710152,26.653151",26850,420,123
1779655265,2026-05-24T20:41:05Z,THY9WR,"41.678101,26.718",26175,418,123
1779655291,2026-05-24T20:41:31Z,THY9WR,"41.648331,26.771765",25375,413,134
1779655293,2026-05-24T20:41:33Z,THY9WR,"41.645119,26.775789",25325,414,135
1779655295,2026-05-24T20:41:35Z,THY9WR,"41.642441,26.778988",25250,413,137
1779655297,2026-05-24T20:41:37Z,THY9WR,"41.639488,26.782305",25200,413,139
1779655300,2026-05-24T20:41:40Z,THY9WR,"41.635574,26.786415",25125,414,141
1779655302,2026-05-24T20:41:42Z,THY9WR,"41.632462,26.789351",25050,414,143
1779655304,2026-05-24T20:41:44Z,THY9WR,"41.629292,26.792206",25000,414,145
1779655306,2026-05-24T20:41:46Z,THY9WR,"41.62587,26.795031",24950,414,148
1779655308,2026-05-24T20:41:48Z,THY9WR,"41.622494,26.797506",24900,414,150
1779655310,2026-05-24T20:41:50Z,THY9WR,"41.618584,26.800125",24850,414,151
1779655313,2026-05-24T20:41:53Z,THY9WR,"41.614254,26.802809",24800,413,154
1779655315,2026-05-24T20:41:55Z,THY9WR,"41.610718,26.804789",24750,413,156
1779655317,2026-05-24T20:41:57Z,THY9WR,"41.607319,26.806513",24700,414,158
1779655319,2026-05-24T20:41:59Z,THY9WR,"41.603897,26.808077",24650,414,160
1779655321,2026-05-24T20:42:01Z,THY9WR,"41.598907,26.810074",24600,413,162
1779655323,2026-05-24T20:42:03Z,THY9WR,"41.595215,26.811367",24550,414,164
1779655325,2026-05-24T20:42:05Z,THY9WR,"41.591675,26.812447",24500,414,166
1779655328,2026-05-24T20:42:08Z,THY9WR,"41.586639,26.813881",24450,414,168
1779655330,2026-05-24T20:42:10Z,THY9WR,"41.583252,26.814756",24400,414,168
1779655332,2026-05-24T20:42:12Z,THY9WR,"41.579269,26.815691",24350,413,169
1779655334,2026-05-24T20:42:14Z,THY9WR,"41.57478,26.816797",24300,412,169
1779655336,2026-05-24T20:42:16Z,THY9WR,"41.570847,26.817751",24250,412,169
1779655338,2026-05-24T20:42:18Z,THY9WR,"41.567276,26.818626",24200,413,169
1779655340,2026-05-24T20:42:20Z,THY9WR,"41.563328,26.819479",24150,412,170
1779655342,2026-05-24T20:42:22Z,THY9WR,"41.558807,26.820498",24100,412,170
1779655345,2026-05-24T20:42:25Z,THY9WR,"41.555973,26.82114",24050,412,170
1779655347,2026-05-24T20:42:27Z,THY9WR,"41.551071,26.822247",24000,412,170
1779655349,2026-05-24T20:42:29Z,THY9WR,"41.547501,26.822996",23950,412,170
1779655361,2026-05-24T20:42:41Z,THY9WR,"41.524155,26.83086",23675,408,161
1779655363,2026-05-24T20:42:43Z,THY9WR,"41.520447,26.832733",23625,408,159
1779655365,2026-05-24T20:42:45Z,THY9WR,"41.517193,26.834681",23575,408,156
1779655368,2026-05-24T20:42:48Z,THY9WR,"41.513611,26.836916",23525,406,154
1779655370,2026-05-24T20:42:50Z,THY9WR,"41.509644,26.839724",23475,406,152
1779655372,2026-05-24T20:42:52Z,THY9WR,"41.506256,26.842409",23425,404,149
1779655374,2026-05-24T20:42:54Z,THY9WR,"41.502182,26.845966",23375,403,146
1779655376,2026-05-24T20:42:56Z,THY9WR,"41.499317,26.848797",23325,403,144
1779655379,2026-05-24T20:42:59Z,THY9WR,"41.496246,26.851992",23275,402,142
1779655381,2026-05-24T20:43:01Z,THY9WR,"41.493393,26.855143",23250,402,140
1779655383,2026-05-24T20:43:03Z,THY9WR,"41.490009,26.859337",23175,401,137
1779655385,2026-05-24T20:43:05Z,THY9WR,"41.487263,26.863041",23150,400,134
1779655387,2026-05-24T20:43:07Z,THY9WR,"41.484653,26.86681",23100,399,133
1779655389,2026-05-24T20:43:09Z,THY9WR,"41.482361,26.870312",23050,397,130
1779655391,2026-05-24T20:43:11Z,THY9WR,"41.479626,26.874922",23000,397,128
1779655393,2026-05-24T20:43:13Z,THY9WR,"41.477371,26.879051",22950,396,126
1779655396,2026-05-24T20:43:16Z,THY9WR,"41.475632,26.882484",22925,395,124
1779655398,2026-05-24T20:43:18Z,THY9WR,"41.473808,26.886354",22875,394,122
1779655400,2026-05-24T20:43:20Z,THY9WR,"41.471786,26.890974",22825,394,120
1779655402,2026-05-24T20:43:22Z,THY9WR,"41.469757,26.896065",22775,394,118
1779655404,2026-05-24T20:43:24Z,THY9WR,"41.46822,26.900408",22725,392,116
1779655406,2026-05-24T20:43:26Z,THY9WR,"41.466522,26.905704",22675,391,113
1779655408,2026-05-24T20:43:28Z,THY9WR,"41.46492,26.911261",22625,391,111
1779655411,2026-05-24T20:43:31Z,THY9WR,"41.464077,26.914652",22600,390,108
1779655413,2026-05-24T20:43:33Z,THY9WR,"41.462776,26.920336",22550,388,107
1779655415,2026-05-24T20:43:35Z,THY9WR,"41.461807,26.92543",22500,388,105
1779655417,2026-05-24T20:43:37Z,THY9WR,"41.461098,26.92979",22450,386,102
1779655419,2026-05-24T20:43:39Z,THY9WR,"41.4604,26.935091",22400,385,100
1779655421,2026-05-24T20:43:41Z,THY9WR,"41.459747,26.940456",22375,383,98
1779655423,2026-05-24T20:43:43Z,THY9WR,"41.459332,26.94416",22325,382,98
1779655425,2026-05-24T20:43:45Z,THY9WR,"41.45874,26.950212",22275,381,97
1779655428,2026-05-24T20:43:48Z,THY9WR,"41.458328,26.954393",22225,381,97
1779655430,2026-05-24T20:43:50Z,THY9WR,"41.457825,26.959263",22175,380,97
1779655432,2026-05-24T20:43:52Z,THY9WR,"41.457283,26.965303",22125,380,97
1779655434,2026-05-24T20:43:54Z,THY9WR,"41.456909,26.969007",22100,380,97
1779655436,2026-05-24T20:43:56Z,THY9WR,"41.456398,26.974821",22050,379,97
1779655438,2026-05-24T20:43:58Z,THY9WR,"41.455948,26.979425",22000,379,96
1779655440,2026-05-24T20:44:00Z,THY9WR,"41.455536,26.984295",21975,378,96
1779655443,2026-05-24T20:44:03Z,THY9WR,"41.455139,26.988682",21925,378,96
1779655473,2026-05-24T20:44:33Z,THY9WR,"41.448948,27.059389",21275,376,96
1779655505,2026-05-24T20:45:05Z,THY9WR,"41.442478,27.13291",20625,374,96
1779655536,2026-05-24T20:45:36Z,THY9WR,"41.436218,27.204145",19975,368,96
1779655569,2026-05-24T20:46:09Z,THY9WR,"41.429722,27.276817",19325,366,96
1779655599,2026-05-24T20:46:39Z,THY9WR,"41.423717,27.343821",18725,364,96
1779655631,2026-05-24T20:47:11Z,THY9WR,"41.417221,27.415445",18125,354,96
1779655648,2026-05-24T20:47:28Z,THY9WR,"41.416176,27.451448",17875,338,84
1779655650,2026-05-24T20:47:30Z,THY9WR,"41.416626,27.455458",17850,335,82
1779655653,2026-05-24T20:47:33Z,THY9WR,"41.417294,27.460072",17825,332,79
1779655655,2026-05-24T20:47:35Z,THY9WR,"41.417953,27.46401",17800,329,77
1779655657,2026-05-24T20:47:37Z,THY9WR,"41.41869,27.468248",17775,325,77
1779655659,2026-05-24T20:47:39Z,THY9WR,"41.419418,27.472313",17725,323,76
1779655661,2026-05-24T20:47:41Z,THY9WR,"41.420132,27.476105",17700,322,76
1779655663,2026-05-24T20:47:43Z,THY9WR,"41.420975,27.48049",17625,320,76
1779655665,2026-05-24T20:47:45Z,THY9WR,"41.421707,27.484484",17575,318,76
1779655667,2026-05-24T20:47:47Z,THY9WR,"41.422485,27.48848",17500,317,75
1779655669,2026-05-24T20:47:49Z,THY9WR,"41.423218,27.492226",17450,316,75
1779655671,2026-05-24T20:47:51Z,THY9WR,"41.423721,27.495096",17400,317,75
1779655673,2026-05-24T20:47:53Z,THY9WR,"41.42474,27.50012",17325,316,75
1779655676,2026-05-24T20:47:56Z,THY9WR,"41.425442,27.503698",17275,315,75
1779655707,2026-05-24T20:48:27Z,THY9WR,"41.43734,27.561754",16725,307,75
1779655740,2026-05-24T20:49:00Z,THY9WR,"41.448963,27.621523",16175,305,75
1779655772,2026-05-24T20:49:32Z,THY9WR,"41.46035,27.679274",15650,305,75
1779655804,2026-05-24T20:50:04Z,THY9WR,"41.471474,27.736637",15275,292,75
1779655834,2026-05-24T20:50:34Z,THY9WR,"41.480991,27.788467",14975,278,75
1779655865,2026-05-24T20:51:05Z,THY9WR,"41.489384,27.839027",14425,280,84
1779655867,2026-05-24T20:51:07Z,THY9WR,"41.489319,27.841919",14375,281,90
1779655869,2026-05-24T20:51:09Z,THY9WR,"41.489235,27.846678",14325,281,90
1779655871,2026-05-24T20:51:11Z,THY9WR,"41.48959,27.849737",14300,281,92
1779655873,2026-05-24T20:51:13Z,THY9WR,"41.48909,27.853003",14250,280,93
1779655875,2026-05-24T20:51:15Z,THY9WR,"41.489063,27.856752",14200,280,93
1779655877,2026-05-24T20:51:17Z,THY9WR,"41.488739,27.860518",14125,281,94
1779655879,2026-05-24T20:51:19Z,THY9WR,"41.488617,27.864174",14050,282,94
1779655881,2026-05-24T20:51:21Z,THY9WR,"41.48848,27.867426",13975,284,94
1779655884,2026-05-24T20:51:24Z,THY9WR,"41.488338,27.871773",13900,285,95
1779655886,2026-05-24T20:51:26Z,THY9WR,"41.487869,27.875385",13850,285,95
1779655888,2026-05-24T20:51:28Z,THY9WR,"41.487572,27.879408",13825,286,96
1779655890,2026-05-24T20:51:30Z,THY9WR,"41.487305,27.882448",13775,286,96
1779655922,2026-05-24T20:52:02Z,THY9WR,"41.482525,27.938908",13275,279,95
1779655953,2026-05-24T20:52:33Z,THY9WR,"41.477409,27.991215",12775,279,106
1779655956,2026-05-24T20:52:36Z,THY9WR,"41.475864,27.996666",12750,278,111
1779655959,2026-05-24T20:52:39Z,THY9WR,"41.474434,28.00094",12700,278,116
1779655961,2026-05-24T20:52:41Z,THY9WR,"41.47295,28.003664",12675,278,119
1779655963,2026-05-24T20:52:43Z,THY9WR,"41.471558,28.006849",12650,279,123
1779655967,2026-05-24T20:52:47Z,THY9WR,"41.468891,28.010971",12600,279,128
1779655969,2026-05-24T20:52:49Z,THY9WR,"41.466736,28.012497",12575,279,131
1779655971,2026-05-24T20:52:51Z,THY9WR,"41.465187,28.016035",12525,280,134
1779655973,2026-05-24T20:52:53Z,THY9WR,"41.462704,28.019667",12500,281,137
1779655976,2026-05-24T20:52:56Z,THY9WR,"41.459816,28.022903",12450,282,138
1779655978,2026-05-24T20:52:58Z,THY9WR,"41.457344,28.024849",12425,282,138
1779655980,2026-05-24T20:53:00Z,THY9WR,"41.456142,28.02718",12375,281,139
1779655986,2026-05-24T20:53:06Z,THY9WR,"41.449356,28.033239",12300,282,140
1779655988,2026-05-24T20:53:08Z,THY9WR,"41.447388,28.035299",12275,283,141
1779655990,2026-05-24T20:53:10Z,THY9WR,"41.445133,28.037683",12225,282,141
1779655992,2026-05-24T20:53:12Z,THY9WR,"41.443268,28.0396",12200,282,141
1779655994,2026-05-24T20:53:14Z,THY9WR,"41.441128,28.041836",12175,282,142
1779655996,2026-05-24T20:53:16Z,THY9WR,"41.438522,28.044519",12125,282,142
1779655998,2026-05-24T20:53:18Z,THY9WR,"41.436172,28.046972",12100,282,142
1779656031,2026-05-24T20:53:51Z,THY9WR,"41.403141,28.081245",11600,281,141
1779656043,2026-05-24T20:54:03Z,THY9WR,"41.389984,28.093351",11400,280,150
1779656045,2026-05-24T20:54:05Z,THY9WR,"41.387222,28.095043",11350,279,154
1779656048,2026-05-24T20:54:08Z,THY9WR,"41.384079,28.096741",11325,279,157
1779656050,2026-05-24T20:54:10Z,THY9WR,"41.381821,28.097658",11300,280,161
1779656052,2026-05-24T20:54:12Z,THY9WR,"41.37875,28.098658",11250,282,164
1779656054,2026-05-24T20:54:14Z,THY9WR,"41.375443,28.099281",11225,282,170
1779656056,2026-05-24T20:54:16Z,THY9WR,"41.372696,28.099718",11200,283,172
1779656058,2026-05-24T20:54:18Z,THY9WR,"41.37009,28.100031",11175,284,174
1779656061,2026-05-24T20:54:21Z,THY9WR,"41.367416,28.10022",11150,284,175
1779656063,2026-05-24T20:54:23Z,THY9WR,"41.364807,28.100464",11125,285,176
1779656065,2026-05-24T20:54:25Z,THY9WR,"41.362129,28.100594",11075,285,176
1779656067,2026-05-24T20:54:27Z,THY9WR,"41.359222,28.100769",11025,285,177
1779656069,2026-05-24T20:54:29Z,THY9WR,"41.356567,28.100891",11000,286,178
1779656071,2026-05-24T20:54:31Z,THY9WR,"41.353378,28.100967",10950,287,178
1779656073,2026-05-24T20:54:33Z,THY9WR,"41.350582,28.10103",10925,287,179
1779656075,2026-05-24T20:54:35Z,THY9WR,"41.347931,28.10103",10875,287,179
1779656078,2026-05-24T20:54:38Z,THY9WR,"41.344482,28.101074",10850,287,179
1779656080,2026-05-24T20:54:40Z,THY9WR,"41.341831,28.101091",10825,287,179
1779656082,2026-05-24T20:54:42Z,THY9WR,"41.338531,28.101074",10775,287,179
1779656095,2026-05-24T20:54:55Z,THY9WR,"41.321583,28.101154",10575,286,179
1779656110,2026-05-24T20:55:10Z,THY9WR,"41.302402,28.101341",10350,286,179
1779656123,2026-05-24T20:55:23Z,THY9WR,"41.284927,28.101563",10150,286,179
1779656138,2026-05-24T20:55:38Z,THY9WR,"41.265533,28.101591",9900,284,181
1779656148,2026-05-24T20:55:48Z,THY9WR,"41.25119,28.102783",9775,285,170
1779656151,2026-05-24T20:55:51Z,THY9WR,"41.248535,28.103638",9775,283,167
1779656153,2026-05-24T20:55:53Z,THY9WR,"41.245934,28.104774",9775,282,163
1779656155,2026-05-24T20:55:55Z,THY9WR,"41.243374,28.106087",9775,281,160
1779656157,2026-05-24T20:55:57Z,THY9WR,"41.240799,28.107788",9775,281,156
1779656159,2026-05-24T20:55:59Z,THY9WR,"41.238533,28.109394",9775,282,152
1779656161,2026-05-24T20:56:01Z,THY9WR,"41.236298,28.11108",9775,280,151
1779656163,2026-05-24T20:56:03Z,THY9WR,"41.233971,28.11289",9775,278,149
1779656165,2026-05-24T20:56:05Z,THY9WR,"41.231918,28.114563",9775,278,148
1779656168,2026-05-24T20:56:08Z,THY9WR,"41.228989,28.117065",9775,276,147
1779656170,2026-05-24T20:56:10Z,THY9WR,"41.227268,28.118507",9750,276,147
1779656172,2026-05-24T20:56:12Z,THY9WR,"41.224686,28.120667",9750,274,147
1779656174,2026-05-24T20:56:14Z,THY9WR,"41.22258,28.122498",9750,274,147
1779656176,2026-05-24T20:56:16Z,THY9WR,"41.220154,28.124573",9750,273,147
1779656178,2026-05-24T20:56:18Z,THY9WR,"41.218002,28.126373",9750,272,147
1779656180,2026-05-24T20:56:20Z,THY9WR,"41.215908,28.128183",9750,271,147
1779656182,2026-05-24T20:56:22Z,THY9WR,"41.214203,28.129639",9750,270,147
1779656184,2026-05-24T20:56:24Z,THY9WR,"41.211254,28.132116",9750,270,147
1779656198,2026-05-24T20:56:38Z,THY9WR,"41.197006,28.144226",9775,268,147
1779656213,2026-05-24T20:56:53Z,THY9WR,"41.181507,28.157335",9775,268,147
1779656228,2026-05-24T20:57:08Z,THY9WR,"41.165863,28.170568",9750,268,147
1779656243,2026-05-24T20:57:23Z,THY9WR,"41.150299,28.183533",9725,268,147
1779656255,2026-05-24T20:57:35Z,THY9WR,"41.137188,28.194538",9550,268,147
1779656268,2026-05-24T20:57:48Z,THY9WR,"41.123703,28.205811",9325,266,147
1779656283,2026-05-24T20:58:03Z,THY9WR,"41.108185,28.218758",9050,266,147
1779656295,2026-05-24T20:58:15Z,THY9WR,"41.095383,28.229433",8850,265,147
1779656310,2026-05-24T20:58:30Z,THY9WR,"41.080124,28.242004",8625,263,148
1779656323,2026-05-24T20:58:43Z,THY9WR,"41.066803,28.252747",8400,260,148
1779656335,2026-05-24T20:58:55Z,THY9WR,"41.053535,28.263266",8125,261,149
1779656348,2026-05-24T20:59:08Z,THY9WR,"41.040127,28.273752",7900,262,149
1779656361,2026-05-24T20:59:21Z,THY9WR,"41.026768,28.284239",7700,262,149
1779656376,2026-05-24T20:59:36Z,THY9WR,"41.011776,28.295975",7450,261,149
1779656388,2026-05-24T20:59:48Z,THY9WR,"40.998093,28.30658",7250,260,149
1779656401,2026-05-24T21:00:01Z,THY9WR,"40.985641,28.316223",7075,260,149
1779656415,2026-05-24T21:00:15Z,THY9WR,"40.971321,28.327248",6950,256,149
1779656427,2026-05-24T21:00:27Z,THY9WR,"40.95813,28.337402",6850,255,149
1779656440,2026-05-24T21:00:40Z,THY9WR,"40.945541,28.34729",6750,255,149
1779656455,2026-05-24T21:00:55Z,THY9WR,"40.93082,28.358772",6625,256,149
1779656467,2026-05-24T21:01:07Z,THY9WR,"40.917343,28.369324",6525,256,149
1779656480,2026-05-24T21:01:20Z,THY9WR,"40.904289,28.379496",6425,256,149
1779656493,2026-05-24T21:01:33Z,THY9WR,"40.891663,28.389465",6300,255,148
1779656502,2026-05-24T21:01:42Z,THY9WR,"40.883926,28.398315",6225,253,134
1779656504,2026-05-24T21:01:44Z,THY9WR,"40.882599,28.400574",6200,250,130
1779656506,2026-05-24T21:01:46Z,THY9WR,"40.880966,28.403841",6200,248,126
1779656508,2026-05-24T21:01:48Z,THY9WR,"40.88031,28.405212",6175,248,122
1779656510,2026-05-24T21:01:50Z,THY9WR,"40.878872,28.409208",6150,245,118
1779656512,2026-05-24T21:01:52Z,THY9WR,"40.878124,28.411831",6150,242,112
1779656514,2026-05-24T21:01:54Z,THY9WR,"40.877472,28.41464",6125,240,107
1779656516,2026-05-24T21:01:56Z,THY9WR,"40.876877,28.41803",6100,238,103
1779656518,2026-05-24T21:01:58Z,THY9WR,"40.876591,28.420757",6100,237,100
1779656520,2026-05-24T21:02:00Z,THY9WR,"40.876308,28.424065",6075,235,96
1779656523,2026-05-24T21:02:03Z,THY9WR,"40.876217,28.426624",6075,234,94
1779656525,2026-05-24T21:02:05Z,THY9WR,"40.876144,28.430115",6050,234,92
1779656527,2026-05-24T21:02:07Z,THY9WR,"40.876125,28.43293",6025,234,90
1779656529,2026-05-24T21:02:09Z,THY9WR,"40.876144,28.435669",6025,233,90
1779656531,2026-05-24T21:02:11Z,THY9WR,"40.876308,28.43936",6000,232,87
1779656533,2026-05-24T21:02:13Z,THY9WR,"40.876511,28.442139",5975,231,84
1779656535,2026-05-24T21:02:15Z,THY9WR,"40.876877,28.444641",5950,230,81
1779656537,2026-05-24T21:02:17Z,THY9WR,"40.877426,28.44766",5925,228,76
1779656539,2026-05-24T21:02:19Z,THY9WR,"40.878113,28.450317",5925,229,72
1779656541,2026-05-24T21:02:21Z,THY9WR,"40.878963,28.453279",5900,228,69
1779656544,2026-05-24T21:02:24Z,THY9WR,"40.879848,28.455963",5900,227,67
1779656546,2026-05-24T21:02:26Z,THY9WR,"40.880585,28.458008",5875,227,66
1779656548,2026-05-24T21:02:28Z,THY9WR,"40.881638,28.460999",5875,227,65
1779656550,2026-05-24T21:02:30Z,THY9WR,"40.882599,28.463623",5850,225,64
1779656552,2026-05-24T21:02:32Z,THY9WR,"40.88356,28.466064",5825,226,63
1779656554,2026-05-24T21:02:34Z,THY9WR,"40.884567,28.468689",5800,225,62
1779656556,2026-05-24T21:02:36Z,THY9WR,"40.885712,28.471569",5800,225,62
1779656558,2026-05-24T21:02:38Z,THY9WR,"40.886738,28.474316",5775,224,62
1779656561,2026-05-24T21:02:41Z,THY9WR,"40.88776,28.476875",5750,224,62
1779656563,2026-05-24T21:02:43Z,THY9WR,"40.888596,28.479065",5750,224,62
1779656565,2026-05-24T21:02:45Z,THY9WR,"40.889622,28.481619",5725,224,62
1779656567,2026-05-24T21:02:47Z,THY9WR,"40.890701,28.484558",5700,225,63
1779656569,2026-05-24T21:02:49Z,THY9WR,"40.891624,28.486862",5675,224,63
1779656584,2026-05-24T21:03:04Z,THY9WR,"40.898144,28.504715",5575,224,64
1779656596,2026-05-24T21:03:16Z,THY9WR,"40.903915,28.521132",5450,223,65
1779656609,2026-05-24T21:03:29Z,THY9WR,"40.909195,28.536316",5350,222,65
1779656622,2026-05-24T21:03:42Z,THY9WR,"40.914642,28.552185",5250,222,65
1779656636,2026-05-24T21:03:56Z,THY9WR,"40.92086,28.570383",5125,219,65
1779656651,2026-05-24T21:04:11Z,THY9WR,"40.926865,28.588013",5000,214,65
1779656666,2026-05-24T21:04:26Z,THY9WR,"40.932678,28.605225",4875,211,65
1779656672,2026-05-24T21:04:32Z,THY9WR,"40.9352,28.612642",4825,211,65
1779656680,2026-05-24T21:04:40Z,THY9WR,"40.938549,28.622444",4775,211,65
1779656688,2026-05-24T21:04:48Z,THY9WR,"40.941788,28.632019",4775,211,65
1779656697,2026-05-24T21:04:57Z,THY9WR,"40.945129,28.641907",4775,211,65
1779656705,2026-05-24T21:05:05Z,THY9WR,"40.948418,28.651594",4750,211,65
1779656713,2026-05-24T21:05:13Z,THY9WR,"40.951771,28.661333",4750,211,65
1779656722,2026-05-24T21:05:22Z,THY9WR,"40.954983,28.670883",4750,208,65
1779656728,2026-05-24T21:05:28Z,THY9WR,"40.957497,28.678249",4750,205,65
1779656736,2026-05-24T21:05:36Z,THY9WR,"40.960522,28.687239",4750,200,65
1779656744,2026-05-24T21:05:44Z,THY9WR,"40.963829,28.696976",4775,200,65
1779656753,2026-05-24T21:05:53Z,THY9WR,"40.967087,28.706402",4750,199,65
1779656760,2026-05-24T21:06:00Z,THY9WR,"40.969666,28.714111",4750,192,65
1779656766,2026-05-24T21:06:06Z,THY9WR,"40.972301,28.720821",4750,186,60
1779656769,2026-05-24T21:06:09Z,THY9WR,"40.973099,28.72229",4750,182,56
1779656771,2026-05-24T21:06:11Z,THY9WR,"40.97435,28.724379",4775,181,52
1779656773,2026-05-24T21:06:13Z,THY9WR,"40.975433,28.725891",4775,179,45
1779656775,2026-05-24T21:06:15Z,THY9WR,"40.977097,28.727751",4775,179,42
1779656777,2026-05-24T21:06:17Z,THY9WR,"40.978397,28.728935",4775,177,35
1779656779,2026-05-24T21:06:19Z,THY9WR,"40.979736,28.729919",4775,177,30
1779656781,2026-05-24T21:06:21Z,THY9WR,"40.981613,28.731018",4775,178,24
1779656784,2026-05-24T21:06:24Z,THY9WR,"40.98317,28.731689",4775,178,18
1779656786,2026-05-24T21:06:26Z,THY9WR,"40.984726,28.732056",4775,179,12
1779656788,2026-05-24T21:06:28Z,THY9WR,"40.986359,28.732307",4775,178,8
1779656790,2026-05-24T21:06:30Z,THY9WR,"40.98848,28.732483",4775,178,4
1779656792,2026-05-24T21:06:32Z,THY9WR,"40.989899,28.732557",4775,179,2
1779656794,2026-05-24T21:06:34Z,THY9WR,"40.991619,28.732618",4775,179,1
1779656796,2026-05-24T21:06:36Z,THY9WR,"40.993713,28.732681",4750,180,1
1779656798,2026-05-24T21:06:38Z,THY9WR,"40.9953,28.732727",4750,180,1
1779656800,2026-05-24T21:06:40Z,THY9WR,"40.99704,28.732727",4750,180,1
1779656802,2026-05-24T21:06:42Z,THY9WR,"40.998787,28.732744",4750,180,1
1779656805,2026-05-24T21:06:45Z,THY9WR,"41.000557,28.732744",4750,180,1
1779656807,2026-05-24T21:06:47Z,THY9WR,"41.002304,28.732788",4750,180,1
1779656809,2026-05-24T21:06:49Z,THY9WR,"41.003956,28.732805",4750,180,1
1779656811,2026-05-24T21:06:51Z,THY9WR,"41.005863,28.732744",4750,180,358
1779656813,2026-05-24T21:06:53Z,THY9WR,"41.007355,28.732744",4750,179,359
1779656815,2026-05-24T21:06:55Z,THY9WR,"41.009449,28.732744",4750,179,359
1779656817,2026-05-24T21:06:57Z,THY9WR,"41.010754,28.732681",4750,180,359
1779656819,2026-05-24T21:06:59Z,THY9WR,"41.012741,28.732666",4750,179,359
1779656821,2026-05-24T21:07:01Z,THY9WR,"41.014481,28.732605",4750,180,359
1779656830,2026-05-24T21:07:10Z,THY9WR,"41.021393,28.732483",4750,179,359
1779656838,2026-05-24T21:07:18Z,THY9WR,"41.028118,28.732307",4675,179,359
1779656846,2026-05-24T21:07:26Z,THY9WR,"41.035217,28.732239",4575,180,359
1779656855,2026-05-24T21:07:35Z,THY9WR,"41.04213,28.732178",4425,179,359
1779656861,2026-05-24T21:07:41Z,THY9WR,"41.047295,28.732058",4300,180,359
1779656869,2026-05-24T21:07:49Z,THY9WR,"41.054398,28.731873",4150,181,358
1779656876,2026-05-24T21:07:56Z,THY9WR,"41.059708,28.73175",4025,182,359
1779656884,2026-05-24T21:08:04Z,THY9WR,"41.066483,28.731628",3875,182,359
1779656892,2026-05-24T21:08:12Z,THY9WR,"41.074062,28.731495",3725,181,359
1779656899,2026-05-24T21:08:19Z,THY9WR,"41.078979,28.731384",3600,181,359
1779656907,2026-05-24T21:08:27Z,THY9WR,"41.086075,28.731262",3475,179,359
1779656916,2026-05-24T21:08:36Z,THY9WR,"41.092987,28.731079",3350,178,359
1779656924,2026-05-24T21:08:44Z,THY9WR,"41.100266,28.730957",3200,175,359
1779656933,2026-05-24T21:08:53Z,THY9WR,"41.106789,28.730808",3075,174,359
1779656941,2026-05-24T21:09:01Z,THY9WR,"41.113773,28.730684",2950,173,359
1779656950,2026-05-24T21:09:10Z,THY9WR,"41.12043,28.730558",2825,173,359
1779656956,2026-05-24T21:09:16Z,THY9WR,"41.125809,28.730469",2700,173,359
1779656964,2026-05-24T21:09:24Z,THY9WR,"41.132126,28.730347",2600,169,359
1779656973,2026-05-24T21:09:33Z,THY9WR,"41.13863,28.730247",2475,161,359
1779656981,2026-05-24T21:09:41Z,THY9WR,"41.145081,28.730103",2300,158,358
1779656990,2026-05-24T21:09:50Z,THY9WR,"41.151123,28.72998",2200,153,359
1779656998,2026-05-24T21:09:58Z,THY9WR,"41.156799,28.729858",2150,146,359
1779657005,2026-05-24T21:10:05Z,THY9WR,"41.161148,28.729797",2050,144,359
1779657013,2026-05-24T21:10:13Z,THY9WR,"41.166748,28.729685",1925,141,359
1779657022,2026-05-24T21:10:22Z,THY9WR,"41.171871,28.729561",1825,137,359
1779657028,2026-05-24T21:10:28Z,THY9WR,"41.175873,28.729498",1750,135,359
1779657036,2026-05-24T21:10:36Z,THY9WR,"41.181412,28.729372",1650,134,359
1779657045,2026-05-24T21:10:45Z,THY9WR,"41.186462,28.729248",1550,134,359
1779657053,2026-05-24T21:10:53Z,THY9WR,"41.191772,28.729187",1450,135,359
1779657062,2026-05-24T21:11:02Z,THY9WR,"41.196823,28.729061",1350,134,359
1779657070,2026-05-24T21:11:10Z,THY9WR,"41.202209,28.728943",1250,134,359
1779657076,2026-05-24T21:11:16Z,THY9WR,"41.205853,28.728874",1175,135,359
1779657084,2026-05-24T21:11:24Z,THY9WR,"41.210999,28.728821",1075,135,359
1779657093,2026-05-24T21:11:33Z,THY9WR,"41.216465,28.728685",975,135,359
1779657099,2026-05-24T21:11:39Z,THY9WR,"41.220383,28.728638",900,134,359
1779657107,2026-05-24T21:11:47Z,THY9WR,"41.225407,28.728498",800,134,359
1779657116,2026-05-24T21:11:56Z,THY9WR,"41.230499,28.728394",700,133,359
1779657122,2026-05-24T21:12:02Z,THY9WR,"41.234295,28.728312",625,134,359
1779657130,2026-05-24T21:12:10Z,THY9WR,"41.239746,28.72821",525,134,359
1779657139,2026-05-24T21:12:19Z,THY9WR,"41.24477,28.728125",425,133,359
1779657145,2026-05-24T21:12:25Z,THY9WR,"41.248821,28.727999",350,132,359
1779657153,2026-05-24T21:12:33Z,THY9WR,"41.253475,28.727938",275,132,359
1779657161,2026-05-24T21:12:41Z,THY9WR,"41.258644,28.727875",175,130,359
1779657170,2026-05-24T21:12:50Z,THY9WR,"41.263763,28.727751",50,131,358
1779657176,2026-05-24T21:12:56Z,THY9WR,"41.267208,28.727688",25,129,359
1779657184,2026-05-24T21:13:04Z,THY9WR,"41.271816,28.727562",25,110,359
1779657192,2026-05-24T21:13:12Z,THY9WR,"41.275112,28.727516",0,86,359
1779657199,2026-05-24T21:13:19Z,THY9WR,"41.277241,28.727484",0,62,359
1779657206,2026-05-24T21:13:26Z,THY9WR,"41.278782,28.727524",0,35,5
1779657207,2026-05-24T21:13:27Z,THY9WR,"41.278988,28.727554",0,33,5
1779657209,2026-05-24T21:13:29Z,THY9WR,"41.279194,28.727615",0,31,8
1779657210,2026-05-24T21:13:30Z,THY9WR,"41.279411,28.727692",0,31,14
1779657213,2026-05-24T21:13:33Z,THY9WR,"41.279686,28.727814",0,30,16
1779657215,2026-05-24T21:13:35Z,THY9WR,"41.279972,28.727951",0,26,19
1779657218,2026-05-24T21:13:38Z,THY9WR,"41.280209,28.728094",0,24,22
1779657221,2026-05-24T21:13:41Z,THY9WR,"41.280476,28.728281",0,21,25
1779657226,2026-05-24T21:13:46Z,THY9WR,"41.280766,28.728498",0,15,28
1779657231,2026-05-24T21:13:51Z,THY9WR,"41.280987,28.72867",0,11,28
1779657239,2026-05-24T21:13:59Z,THY9WR,"41.281208,28.728857",0,7,30
1779657244,2026-05-24T21:14:04Z,THY9WR,"41.281292,28.729076",0,9,50
1779657248,2026-05-24T21:14:08Z,THY9WR,"41.281292,28.729296",0,9,73
1779657253,2026-05-24T21:14:13Z,THY9WR,"41.281219,28.729513",0,8,95
1779657260,2026-05-24T21:14:20Z,THY9WR,"41.280964,28.729685",0,9,137
1779657266,2026-05-24T21:14:26Z,THY9WR,"41.280704,28.729675",0,9,165
1779657271,2026-05-24T21:14:31Z,THY9WR,"41.280476,28.729675",0,9,174
1779657277,2026-05-24T21:14:37Z,THY9WR,"41.280247,28.729675",0,9,177
1779657282,2026-05-24T21:14:42Z,THY9WR,"41.280045,28.729685",0,8,180
1779657287,2026-05-24T21:14:47Z,THY9WR,"41.279835,28.729685",0,8,180
1779657294,2026-05-24T21:14:54Z,THY9WR,"41.279522,28.7297",0,9,180
1779657302,2026-05-24T21:15:02Z,THY9WR,"41.279194,28.729706",0,10,180
1779657309,2026-05-24T21:15:09Z,THY9WR,"41.278862,28.729706",0,10,180
1779657317,2026-05-24T21:15:17Z,THY9WR,"41.278496,28.729721",0,11,180
1779657324,2026-05-24T21:15:24Z,THY9WR,"41.278137,28.729715",0,11,180
1779657331,2026-05-24T21:15:31Z,THY9WR,"41.277729,28.729733",0,12,180
1779657338,2026-05-24T21:15:38Z,THY9WR,"41.27734,28.729736",0,12,180
1779657344,2026-05-24T21:15:44Z,THY9WR,"41.276974,28.729736",0,13,180
1779657352,2026-05-24T21:15:52Z,THY9WR,"41.276516,28.729752",0,13,180
1779657358,2026-05-24T21:15:58Z,THY9WR,"41.276134,28.729763",0,13,180
1779657366,2026-05-24T21:16:06Z,THY9WR,"41.275669,28.729767",0,13,180
1779657373,2026-05-24T21:16:13Z,THY9WR,"41.275249,28.729778",0,12,180
1779657380,2026-05-24T21:16:20Z,THY9WR,"41.274879,28.729778",0,11,180
1779657388,2026-05-24T21:16:28Z,THY9WR,"41.274506,28.729794",0,10,180
1779657395,2026-05-24T21:16:35Z,THY9WR,"41.274181,28.729794",0,9,180
1779657403,2026-05-24T21:16:43Z,THY9WR,"41.273849,28.729797",0,9,180
1779657410,2026-05-24T21:16:50Z,THY9WR,"41.273563,28.729813",0,9,180
1779657417,2026-05-24T21:16:57Z,THY9WR,"41.273289,28.729813",0,9,180
1779657424,2026-05-24T21:17:04Z,THY9WR,"41.272991,28.729828",0,9,180
1779657431,2026-05-24T21:17:11Z,THY9WR,"41.272701,28.729826",0,9,180
1779657438,2026-05-24T21:17:18Z,THY9WR,"41.272411,28.729841",0,9,180
1779657445,2026-05-24T21:17:25Z,THY9WR,"41.27211,28.729841",0,10,180
1779657452,2026-05-24T21:17:32Z,THY9WR,"41.271801,28.729843",0,10,180
1779657459,2026-05-24T21:17:39Z,THY9WR,"41.271423,28.729856",0,10,180
1779657467,2026-05-24T21:17:47Z,THY9WR,"41.271103,28.729858",0,9,180
1779657474,2026-05-24T21:17:54Z,THY9WR,"41.270805,28.729858",0,9,180
1779657481,2026-05-24T21:18:01Z,THY9WR,"41.270531,28.729874",0,8,180
1779657488,2026-05-24T21:18:08Z,THY9WR,"41.270267,28.729874",0,8,180
1779657496,2026-05-24T21:18:16Z,THY9WR,"41.270012,28.729872",0,7,180
1779657502,2026-05-24T21:18:22Z,THY9WR,"41.269798,28.729889",0,7,180
1779657510,2026-05-24T21:18:30Z,THY9WR,"41.269592,28.72995",0,7,168
1779657516,2026-05-24T21:18:36Z,THY9WR,"41.269466,28.730169",0,7,143
1779657521,2026-05-24T21:18:41Z,THY9WR,"41.269421,28.730377",0,8,123
1779657526,2026-05-24T21:18:46Z,THY9WR,"41.269432,28.730606",0,8,104
1779657529,2026-05-24T21:18:49Z,THY9WR,"41.269444,28.73082",0,9,92
1779657533,2026-05-24T21:18:53Z,THY9WR,"41.269455,28.731079",0,11,90
1779657537,2026-05-24T21:18:57Z,THY9WR,"41.269455,28.731354",0,12,90
1779657541,2026-05-24T21:19:01Z,THY9WR,"41.269455,28.731644",0,13,90
1779657544,2026-05-24T21:19:04Z,THY9WR,"41.269466,28.731934",0,13,90
1779657551,2026-05-24T21:19:11Z,THY9WR,"41.269466,28.73251",0,13,90
1779657558,2026-05-24T21:19:18Z,THY9WR,"41.269478,28.733093",0,14,90
1779657565,2026-05-24T21:19:25Z,THY9WR,"41.269478,28.733648",0,14,90
1779657573,2026-05-24T21:19:33Z,THY9WR,"41.269489,28.734314",0,13,90
1779657579,2026-05-24T21:19:39Z,THY9WR,"41.269489,28.734833",0,13,90
1779657586,2026-05-24T21:19:46Z,THY9WR,"41.269501,28.73538",0,13,90
1779657594,2026-05-24T21:19:54Z,THY9WR,"41.269501,28.736008",0,13,90
1779657600,2026-05-24T21:20:00Z,THY9WR,"41.269524,28.736511",0,13,90
1779657607,2026-05-24T21:20:07Z,THY9WR,"41.269524,28.737114",0,14,90
1779657614,2026-05-24T21:20:14Z,THY9WR,"41.269535,28.737747",0,14,90
1779657621,2026-05-24T21:20:21Z,THY9WR,"41.269535,28.738237",0,11,90
1779657628,2026-05-24T21:20:28Z,THY9WR,"41.269535,28.738737",0,11,90
1779657635,2026-05-24T21:20:35Z,THY9WR,"41.269535,28.739126",0,9,90
1779657643,2026-05-24T21:20:43Z,THY9WR,"41.269547,28.739517",0,8,90
1779657650,2026-05-24T21:20:50Z,THY9WR,"41.269547,28.739746",0,5,90
1779657658,2026-05-24T21:20:58Z,THY9WR,"41.269489,28.739969",0,5,101
1779657669,2026-05-24T21:21:09Z,THY9WR,"41.269279,28.740156",0,5,132
1779657678,2026-05-24T21:21:18Z,THY9WR,"41.269077,28.740173",0,5,160
1779657688,2026-05-24T21:21:28Z,THY9WR,"41.268871,28.740156",0,4,171
1779657698,2026-05-24T21:21:38Z,THY9WR,"41.268665,28.740204",0,5,171
1779657707,2026-05-24T21:21:47Z,THY9WR,"41.268528,28.740448",0,6,140
1779657714,2026-05-24T21:21:54Z,THY9WR,"41.268528,28.740677",0,5,112
1779657721,2026-05-24T21:22:01Z,THY9WR,"41.268559,28.740891",0,5,95
1779657728,2026-05-24T21:22:08Z,THY9WR,"41.26857,28.741108",0,5,92
1779657736,2026-05-24T21:22:16Z,THY9WR,"41.26857,28.741312",0,3,90
